year,complexity,spec_total,spec_residual,total_emp,complexity_d,spec_total_d,spec_residual_d
2005,4.005962800726175,2.477627695007675,0.03675718404645659,15663660.0,0.0,0.0,0.0
2009,4.002011245985999,2.477616146108302,0.03719445524422734,16671960.0,-0.003951554740176277,-1.1548899372826327e-05,0.00043727119777075413
2014,4.075995936874414,2.4847568503507675,0.035931931305616824,17759600.0,0.07003313614823892,0.0071291553430925525,-0.0008252527408397631
2019,4.176064760768661,2.4931589542717925,0.03296815465192213,18416100.0,0.17010196004248535,0.01553125926411747,-0.00378902939453446
2024,4.351566750765228,2.5190672774133662,0.03894285030293334,23952530.0,0.3456039500390524,0.04143958240569123,0.0021856662564767523
