year,complexity,spec_total,spec_residual,total_emp,complexity_d,spec_total_d,spec_residual_d
2005,1.2695360947669507,2.147965280197912,0.0384409310751173,22794590.0,0.0,0.0,0.0
2009,1.3762613129265597,2.1614269283590826,0.040620419712152946,22898030.0,0.106725218159609,0.013461648161170459,0.0021794886370356467
2014,1.4224492133373106,2.1663900741639943,0.04070094012163425,21816360.0,0.15291311857035983,0.01842479396608221,0.0022600090465169503
2019,1.4280799478127018,2.1627929751264254,0.03650860365391614,22802290.0,0.15854385304575103,0.014827694928513324,-0.0019323274212011618
2024,1.530203800495562,2.1743047124412427,0.03722460199479963,23648420.0,0.2606677057286113,0.026339432243330574,-0.0012163290803176713
