year,complexity,spec_total,spec_residual,total_emp,complexity_d,spec_total_d,spec_residual_d
2005,-1.098290657850577,1.9269953637451238,0.056403381404240775,19357710.0,0.0,0.0,0.0
2009,-0.9677651256829437,1.9444419564369717,0.06057157999309792,18876760.0,0.13052553216763318,0.017446592691847895,0.0041681985888571416
2014,-0.8723559602910692,1.951493248798307,0.05791687477624554,19030330.0,0.22593469755950768,0.024497885053183177,0.001513493372004765
2019,-0.9572056035309642,1.941093962816485,0.05614936361829841,19379470.0,0.1410850543196127,0.014098599071361129,-0.000254017785942362
2024,-0.9041016644147029,1.9423674848086363,0.052020608980760906,19703600.0,0.19418899343587404,0.01537212106351249,-0.004382772423479869
