year,spec_emp,exec_emp,emp_ratio,spec_wage,exec_wage,wage_ratio
2005,30248990.0,32225560.0,0.938664525922901,51044.636372983034,24623.07939412069,2.0730403194480655
2009,32050270.0,30057680.0,1.066292208846458,57684.29978280994,27635.479128795036,2.087327652760153
2014,38595160.0,31941180.0,1.2083197928191758,63546.87114394655,29537.03113034647,2.1514305504678237
2019,41342600.0,37317420.0,1.1078632981594119,69769.76604277428,33247.58084026173,2.0984915076373127
2024,50130580.0,37038800.0,1.3534612352452022,83878.91167227668,42821.25225979243,1.9588150099719495
